expiry,strike,imp_vol
2025-09-05,225.0,0.4759693706548697
2025-09-05,227.5,0.4470470346955894
2025-09-05,230.0,0.3831305590053155
2025-09-05,232.5,0.31701656417240826
2025-09-05,235.0,0.29413514320972334
2025-09-05,237.5,0.28098848810785654
2025-09-05,240.0,0.2745826518254362
2025-09-05,242.5,0.28331781245957494
2025-09-05,245.0,0.30361008021794916
2025-09-05,247.5,0.32713767815769473
2025-09-05,250.0,0.34943902079410055
2025-09-05,252.5,0.3755620665980845
2025-09-05,255.0,0.39079561475883184
2025-09-05,257.5,0.4138321499371959
2025-09-05,260.0,0.41063078489357885
2025-09-12,207.5,0.5207055036384455
2025-09-12,210.0,0.45149506873945866
2025-09-12,212.5,0.46617491131880756
2025-09-12,215.0,0.4337835066741965
2025-09-12,217.5,0.4004513615504819
2025-09-12,220.0,0.3752720522161465
2025-09-12,222.5,0.3430449241852599
2025-09-12,225.0,0.315794974218524
2025-09-12,227.5,0.3020983454160756
2025-09-12,230.0,0.2843975099797938
2025-09-12,232.5,0.2740261010336996
2025-09-12,235.0,0.2619371111484833
2025-09-12,237.5,0.25247912554839713
2025-09-12,240.0,0.2441575776006799
2025-09-12,242.5,0.23990293186420622
2025-09-12,245.0,0.23540951277850486
2025-09-12,247.5,0.23705007392860922
2025-09-12,250.0,0.24015212533300645
2025-09-12,252.5,0.24980832071238077
2025-09-12,255.0,0.259992357863617
2025-09-12,260.0,0.2849646762342337
2025-09-12,265.0,0.3089544843310545
2025-09-12,270.0,0.3281365047627868
2025-09-12,280.0,0.3862822229839704
2025-09-12,285.0,0.37251333448490626
2025-09-19,200.0,0.5129118478677326
2025-09-19,205.0,0.462912347043204
2025-09-19,207.5,0.4093535416375673
2025-09-19,210.0,0.42288881033110415
2025-09-19,212.5,0.37309680308828336
2025-09-19,215.0,0.38057196542900595
2025-09-19,217.5,0.34848277697059854
2025-09-19,220.0,0.33982452177415967
2025-09-19,222.5,0.317304838831247
2025-09-19,225.0,0.2944686109491412
2025-09-19,227.5,0.2850204739219602
2025-09-19,230.0,0.27091666649648743
2025-09-19,232.5,0.2621985298068545
2025-09-19,235.0,0.24961314557145867
2025-09-19,237.5,0.2399770803617679
2025-09-19,240.0,0.23417705114486304
2025-09-19,242.5,0.2284533345510664
2025-09-19,245.0,0.22271492465558224
2025-09-19,247.5,0.21926410106861846
2025-09-19,250.0,0.22006642460585393
2025-09-19,252.5,0.22063948682034112
2025-09-19,255.0,0.22321937041670684
2025-09-19,260.0,0.2340866840838017
2025-09-19,265.0,0.2501397792307927
2025-09-19,270.0,0.26322586654674285
2025-09-19,275.0,0.28174345939690637
2025-09-19,280.0,0.29640309248999824
2025-09-19,305.0,0.3744166247589645
2025-09-26,190.0,0.45547169184793823
2025-09-26,195.0,0.5337298289252347
2025-09-26,200.0,0.43452320196048894
2025-09-26,205.0,0.39917762136820706
2025-09-26,210.0,0.4136438081922207
2025-09-26,215.0,0.3520507237547072
2025-09-26,220.0,0.3120955451075512
2025-09-26,225.0,0.28933096536093894
2025-09-26,230.0,0.2663903333915221
2025-09-26,235.0,0.24856522177529922
2025-09-26,240.0,0.22912353508385372
2025-09-26,245.0,0.21899331374599226
2025-09-26,250.0,0.21474066162004046
2025-09-26,255.0,0.21531864577078635
2025-09-26,260.0,0.22054832878883743
2025-09-26,265.0,0.2292093901209013
2025-09-26,270.0,0.24218112452360785
2025-09-26,275.0,0.24695922664028136
2025-09-26,280.0,0.26048905699020125
2025-09-26,285.0,0.2811634706473346
2025-09-26,290.0,0.30005432561985756
2025-09-26,315.0,0.39386380799481385
2025-10-03,190.0,0.500139169172187
2025-10-03,195.0,0.449491350142046
2025-10-03,200.0,0.438381002519594
2025-10-03,205.0,0.384800943460584
2025-10-03,210.0,0.36339812030816576
2025-10-03,215.0,0.33500540285152247
2025-10-03,220.0,0.30515744721069843
2025-10-03,225.0,0.28333526697516337
2025-10-03,230.0,0.2640175075988047
2025-10-03,235.0,0.24418903085169366
2025-10-03,240.0,0.2292444425432952
2025-10-03,245.0,0.21975345989682654
2025-10-03,250.0,0.21435572314933593
2025-10-03,255.0,0.21103930201227666
2025-10-03,260.0,0.21303427072299627
2025-10-03,265.0,0.22073826053353574
2025-10-03,270.0,0.22812456684348567
2025-10-03,275.0,0.2393515507618769
2025-10-03,280.0,0.2464910014097439
2025-10-03,285.0,0.25641528598093627
2025-10-03,290.0,0.2669831927166292
2025-10-03,295.0,0.29174277174699065
2025-10-03,300.0,0.30239397886612096
2025-10-03,325.0,0.37905198856552763
2025-10-10,210.0,0.35978590956613293
2025-10-10,215.0,0.330950532634737
2025-10-10,220.0,0.30365042040179335
2025-10-10,225.0,0.2829034033972493
2025-10-10,230.0,0.2619672973243747
2025-10-10,235.0,0.2445409108930691
2025-10-10,240.0,0.23216895622312583
2025-10-10,245.0,0.2202143900634247
2025-10-10,250.0,0.2134212774394369
2025-10-10,255.0,0.2099353067773806
2025-10-10,260.0,0.21149301039201876
2025-10-10,265.0,0.21403912611711085
2025-10-10,270.0,0.2212583387369178
2025-10-10,275.0,0.22894643929844394
2025-10-10,300.0,0.27660424294037245
2025-10-17,180.0,0.5423102865040901
2025-10-17,185.0,0.47762884885695245
2025-10-17,190.0,0.4441525631807102
2025-10-17,195.0,0.4256451643838511
2025-10-17,200.0,0.4082936485148679
2025-10-17,205.0,0.37805721681679916
2025-10-17,210.0,0.3498292021340614
2025-10-17,215.0,0.3233547317807858
2025-10-17,220.0,0.3001013076731323
2025-10-17,225.0,0.27923111424502384
2025-10-17,230.0,0.26125488939734715
2025-10-17,235.0,0.2460201860508936
2025-10-17,240.0,0.23270897948850439
2025-10-17,245.0,0.220519176081747
2025-10-17,250.0,0.2140934398162335
2025-10-17,255.0,0.20977316442852859
2025-10-17,260.0,0.20861721073715642
2025-10-17,265.0,0.21016717295382342
2025-10-17,270.0,0.21522890399071296
2025-10-17,275.0,0.2214542465000662
2025-10-17,280.0,0.22850954233588508
2025-10-17,285.0,0.23409138011927055
2025-10-17,290.0,0.24097424320141433
2025-10-17,295.0,0.2495065954201676
2025-10-17,300.0,0.2605935348414005
2025-10-17,305.0,0.26519513119605753
2025-10-17,310.0,0.2755499520005478
2025-10-17,315.0,0.28423721326467716
2025-10-17,360.0,0.36046618099134314
2025-11-21,165.0,0.5241851798006798
2025-11-21,170.0,0.5083529977624799
2025-11-21,175.0,0.4595435386790271
2025-11-21,180.0,0.44103935726251725
2025-11-21,185.0,0.43539063157244184
2025-11-21,190.0,0.4132721412022624
2025-11-21,195.0,0.39203493829672
2025-11-21,200.0,0.3690101977329176
2025-11-21,205.0,0.35007504338345663
2025-11-21,210.0,0.3327637468230051
2025-11-21,215.0,0.31679804388941574
2025-11-21,220.0,0.30181628199529403
2025-11-21,225.0,0.28806973839855154
2025-11-21,230.0,0.2750256529140808
2025-11-21,235.0,0.2656765146570707
2025-11-21,240.0,0.25544723578503903
2025-11-21,245.0,0.24594949297292562
2025-11-21,250.0,0.23848555201934896
2025-11-21,255.0,0.23201164893589288
2025-11-21,260.0,0.2280072492813839
2025-11-21,265.0,0.224910137460915
2025-11-21,270.0,0.22266982845541508
2025-11-21,275.0,0.22181126381298688
2025-11-21,280.0,0.22315625125038746
2025-11-21,285.0,0.22413520173896243
2025-11-21,290.0,0.22478142633465809
2025-11-21,295.0,0.22681634229502995
2025-11-21,300.0,0.23050473722156906
2025-11-21,305.0,0.2308108487733929
2025-11-21,310.0,0.23119831259267723
2025-11-21,315.0,0.2434461191586935
2025-11-21,320.0,0.24393805709472985
2025-11-21,325.0,0.2797096993629693
2025-11-21,330.0,0.29625620036078587
2025-11-21,335.0,0.3014847631311169
2025-11-21,340.0,0.30513229266249964
2025-11-21,345.0,0.2783069559049329
2025-11-21,350.0,0.2879802741599852
2025-12-19,155.0,0.5349462491749953
2025-12-19,160.0,0.5154172008962945
2025-12-19,165.0,0.49336721345329215
2025-12-19,170.0,0.463537292033771
2025-12-19,175.0,0.44763365436260444
2025-12-19,180.0,0.4216171447287845
2025-12-19,185.0,0.41531927054146334
2025-12-19,190.0,0.3946779038551964
2025-12-19,195.0,0.37739951449808934
2025-12-19,200.0,0.3575178386042053
2025-12-19,205.0,0.3413524322291017
2025-12-19,210.0,0.3256050653517462
2025-12-19,215.0,0.31038193889994264
2025-12-19,220.0,0.297407581715136
2025-12-19,225.0,0.2851445709408614
2025-12-19,230.0,0.27392626860814556
2025-12-19,235.0,0.2650056101692875
2025-12-19,240.0,0.2542669321932964
2025-12-19,245.0,0.24612588757979398
2025-12-19,250.0,0.23879516488904182
2025-12-19,255.0,0.2322151923662862
2025-12-19,260.0,0.22604653251275184
2025-12-19,265.0,0.2227875828023754
2025-12-19,270.0,0.21993071982600446
2025-12-19,275.0,0.2182830374521854
2025-12-19,280.0,0.2173844981470771
2025-12-19,285.0,0.21692520935484164
2025-12-19,290.0,0.21760712615591993
2025-12-19,295.0,0.2178668474289015
2025-12-19,300.0,0.21849740589972913
2025-12-19,310.0,0.22034259840566245
2025-12-19,320.0,0.22224750255821474
2025-12-19,330.0,0.2257905595185213
2025-12-19,340.0,0.23789538349970182
2025-12-19,350.0,0.2358667218774583
2025-12-19,360.0,0.2514556247955204
2025-12-19,370.0,0.266511191467023
2026-01-16,155.0,0.5240223183783839
2026-01-16,160.0,0.4960329557996317
2026-01-16,165.0,0.47462757497644326
2026-01-16,170.0,0.4595188998447921
2026-01-16,175.0,0.4390189383429136
2026-01-16,180.0,0.41984295641780217
2026-01-16,185.0,0.40160332728580117
2026-01-16,190.0,0.3839611322496541
2026-01-16,195.0,0.3673552443425821
2026-01-16,200.0,0.3520331199825685
2026-01-16,205.0,0.3362212620882186
2026-01-16,210.0,0.3226464161588917
2026-01-16,215.0,0.3089144416228006
2026-01-16,220.0,0.2967191745103736
2026-01-16,225.0,0.2849289441700371
2026-01-16,230.0,0.2748923470762702
2026-01-16,235.0,0.2651155093476101
2026-01-16,240.0,0.256485791186092
2026-01-16,245.0,0.2477540516523948
2026-01-16,250.0,0.24038693573025313
2026-01-16,255.0,0.23431767933696968
2026-01-16,260.0,0.22826426639922684
2026-01-16,265.0,0.2234671133916889
2026-01-16,270.0,0.2207149539871854
2026-01-16,275.0,0.21840917865956022
2026-01-16,280.0,0.2170875614596919
2026-01-16,285.0,0.21632980168253255
2026-01-16,290.0,0.21591657232889078
2026-01-16,295.0,0.2160666880659593
2026-01-16,300.0,0.21559430982638847
2026-01-16,305.0,0.2168688301556128
2026-01-16,310.0,0.21669408102375962
2026-01-16,315.0,0.21821458745077854
2026-01-16,320.0,0.2166000016749902
2026-01-16,330.0,0.21821245166780665
2026-01-16,340.0,0.22923390659121307
2026-01-16,350.0,0.23743977130226027
2026-01-16,360.0,0.2292096236886253
2026-01-16,370.0,0.24289254457860496
2026-01-16,380.0,0.26567838570454344
2026-01-16,390.0,0.2624110075767643
2026-02-20,145.0,0.5114808755483237
2026-02-20,150.0,0.5135742516123817
2026-02-20,155.0,0.4739740188397809
2026-02-20,160.0,0.4827364877952352
2026-02-20,165.0,0.45212939587811996
2026-02-20,170.0,0.4352100063148453
2026-02-20,175.0,0.4200803109693563
2026-02-20,180.0,0.40395152415739094
2026-02-20,185.0,0.38835241186856917
2026-02-20,190.0,0.3743699922456515
2026-02-20,195.0,0.35968597173344896
2026-02-20,200.0,0.34825360422805085
2026-02-20,205.0,0.3349999388176949
2026-02-20,210.0,0.32401862212996557
2026-02-20,215.0,0.31374203441249254
2026-02-20,220.0,0.3033754581518564
2026-02-20,225.0,0.2935212339792676
2026-02-20,230.0,0.28426076620579266
2026-02-20,235.0,0.2748864882037415
2026-02-20,240.0,0.2670793789131987
2026-02-20,245.0,0.25902342277890034
2026-02-20,250.0,0.2532522882813562
2026-02-20,255.0,0.24738046471377964
2026-02-20,260.0,0.24221114719699363
2026-02-20,265.0,0.2379088598463851
2026-02-20,270.0,0.2338565639141395
2026-02-20,275.0,0.23090770469610894
2026-02-20,280.0,0.2286129977634333
2026-02-20,285.0,0.22675121218146196
2026-02-20,290.0,0.22573844279459473
2026-02-20,295.0,0.2251642607424909
2026-02-20,300.0,0.2252552506072893
2026-02-20,310.0,0.2262846975077186
2026-02-20,320.0,0.2272889610339568
2026-02-20,330.0,0.22955860244039938
2026-02-20,340.0,0.23161167709225056
2026-02-20,350.0,0.23394657770912847
2026-02-20,360.0,0.23563325785343694
2026-02-20,370.0,0.24215686299728686
2026-02-20,380.0,0.2456909660480166
2026-02-20,390.0,0.24807309352941295
2026-02-20,400.0,0.2695484878578263
2026-03-20,140.0,0.5419807930484679
2026-03-20,145.0,0.5106099936372498
2026-03-20,150.0,0.490069025287613
2026-03-20,155.0,0.47251596473783536
2026-03-20,160.0,0.4609417061246358
2026-03-20,165.0,0.44807408978632796
2026-03-20,170.0,0.4271694789458772
2026-03-20,175.0,0.412779631273637
2026-03-20,180.0,0.39883858498237085
2026-03-20,185.0,0.3839095034929333
2026-03-20,190.0,0.36982872633199676
2026-03-20,195.0,0.3574022963282664
2026-03-20,200.0,0.3456674981496454
2026-03-20,210.0,0.32273026333713134
2026-03-20,220.0,0.303357176939495
2026-03-20,230.0,0.28589727794640724
2026-03-20,240.0,0.2699100680507352
2026-03-20,250.0,0.25778524903523325
2026-03-20,260.0,0.24659001761627936
2026-03-20,270.0,0.238095978857557
2026-03-20,280.0,0.23150590931816883
2026-03-20,290.0,0.22824403772919133
2026-03-20,300.0,0.22692657116268183
2026-03-20,310.0,0.22705979765394743
2026-03-20,320.0,0.2285047146960522
2026-03-20,330.0,0.23055515139162555
2026-03-20,340.0,0.2334612725638277
2026-03-20,350.0,0.23586839948123603
2026-03-20,360.0,0.23850970188671383
2026-03-20,370.0,0.24218679050094213
2026-04-17,150.0,0.48642391065213036
2026-04-17,175.0,0.40273516476223725
2026-04-17,180.0,0.3903434325192741
2026-04-17,185.0,0.3769370487871158
2026-04-17,190.0,0.36525233897286624
2026-04-17,195.0,0.3518939979546045
2026-04-17,200.0,0.3407617084525438
2026-04-17,205.0,0.33134011288346765
2026-04-17,210.0,0.32155158284817464
2026-04-17,215.0,0.3101248906639868
2026-04-17,220.0,0.30313064133632556
2026-04-17,225.0,0.2937305582544085
2026-04-17,230.0,0.28656419606656286
2026-04-17,235.0,0.2782227183666291
2026-04-17,240.0,0.27131486825321005
2026-04-17,245.0,0.2649879547182738
2026-04-17,250.0,0.25813051591732944
2026-04-17,255.0,0.25268148883272573
2026-04-17,260.0,0.24867895511058755
2026-04-17,265.0,0.2444671996023849
2026-04-17,270.0,0.24008464041662772
2026-04-17,275.0,0.23723428657720763
2026-04-17,280.0,0.23332169830285102
2026-04-17,285.0,0.2311564049961132
2026-04-17,290.0,0.22939002860521757
2026-04-17,295.0,0.22821261911623722
2026-04-17,300.0,0.22750112566000324
2026-04-17,305.0,0.2270369092666757
2026-04-17,310.0,0.22677032247635326
2026-04-17,315.0,0.22713595548252194
2026-04-17,320.0,0.22768593346034788
2026-04-17,325.0,0.22882355415370184
2026-04-17,330.0,0.22947716092100234
2026-04-17,340.0,0.23110863458576297
2026-05-15,135.0,0.530992867120037
2026-05-15,140.0,0.5154369303212739
2026-05-15,145.0,0.4924710873650889
2026-05-15,150.0,0.473290863450634
2026-05-15,155.0,0.454159103880507
2026-05-15,160.0,0.4387156819229075
2026-05-15,165.0,0.4242159448591176
2026-05-15,170.0,0.41043899893052715
2026-05-15,175.0,0.3977847263994162
2026-05-15,180.0,0.38542338270126225
2026-05-15,185.0,0.3747705242932121
2026-05-15,190.0,0.3620433605219928
2026-05-15,195.0,0.3506955727076438
2026-05-15,200.0,0.34167984825454023
2026-05-15,210.0,0.3230023962798958
2026-05-15,220.0,0.30500843145074913
2026-05-15,230.0,0.2898501633563401
2026-05-15,240.0,0.27673857749954384
2026-05-15,250.0,0.26501369047586554
2026-05-15,260.0,0.2551141885788587
2026-05-15,270.0,0.24713811880810502
2026-05-15,280.0,0.24086207271297605
2026-05-15,290.0,0.23671067512899904
2026-05-15,300.0,0.23378683534274264
2026-05-15,310.0,0.2325937115825891
2026-05-15,320.0,0.23248014847077503
2026-05-15,330.0,0.23353984510585316
2026-05-15,340.0,0.23475460086148447
2026-05-15,350.0,0.2374558913028295
2026-05-15,360.0,0.24035976220728894
2026-05-15,370.0,0.23961138932480594
2026-05-15,380.0,0.24540256726953324
2026-05-15,390.0,0.24933118067319598
2026-05-15,400.0,0.2508013559327239
2026-06-18,130.0,0.5115522006465862
2026-06-18,135.0,0.50861688395122
2026-06-18,140.0,0.493185625313161
2026-06-18,145.0,0.47981154339019544
2026-06-18,150.0,0.46291950629790546
2026-06-18,155.0,0.43463915388596724
2026-06-18,160.0,0.43010297151442284
2026-06-18,165.0,0.41709512796544546
2026-06-18,170.0,0.40462604289435056
2026-06-18,175.0,0.39201369344071024
2026-06-18,180.0,0.3812286054493296
2026-06-18,185.0,0.36906257066561954
2026-06-18,190.0,0.35877815148319026
2026-06-18,195.0,0.3491476169882325
2026-06-18,200.0,0.3395840507113724
2026-06-18,205.0,0.3303600472667407
2026-06-18,210.0,0.3216876100084957
2026-06-18,215.0,0.3133936342706214
2026-06-18,220.0,0.30533071299864434
2026-06-18,225.0,0.2983254867067679
2026-06-18,230.0,0.2906372013390929
2026-06-18,235.0,0.2837315857720607
2026-06-18,240.0,0.27806576186702603
2026-06-18,245.0,0.27204213830645196
2026-06-18,250.0,0.2670834621329134
2026-06-18,255.0,0.26166387573001393
2026-06-18,260.0,0.25755841412565433
2026-06-18,265.0,0.2526642235168285
2026-06-18,270.0,0.24950175977306246
2026-06-18,275.0,0.24596485865767886
2026-06-18,280.0,0.24313525260691216
2026-06-18,285.0,0.24010600465966733
2026-06-18,290.0,0.23776051549398852
2026-06-18,300.0,0.234554141631882
2026-06-18,310.0,0.23279439452647188
2026-06-18,320.0,0.23217551834933253
2026-06-18,330.0,0.23247572694153587
2026-06-18,340.0,0.23383954443494942
2026-06-18,350.0,0.23557664064647793
2026-06-18,360.0,0.2379866065285818
2026-06-18,370.0,0.24032503936833463
2026-06-18,380.0,0.24281455375504854
2026-06-18,390.0,0.24607386523784724
2026-08-21,120.0,0.5265818028157949
2026-08-21,125.0,0.5124816600142741
2026-08-21,130.0,0.4955220307463827
2026-08-21,140.0,0.4676021181910904
2026-08-21,145.0,0.45989271729535774
2026-08-21,150.0,0.4398054371131102
2026-08-21,155.0,0.42665893087273804
2026-08-21,160.0,0.41535052416735974
2026-08-21,165.0,0.40135396064657264
2026-08-21,170.0,0.3914784503252353
2026-08-21,175.0,0.38220180664081616
2026-08-21,180.0,0.3707760206383476
2026-08-21,185.0,0.36240548792087834
2026-08-21,190.0,0.35229473368988695
2026-08-21,195.0,0.34358131868816033
2026-08-21,200.0,0.3363449726226153
2026-08-21,210.0,0.32049390623451113
2026-08-21,220.0,0.3065582804931376
2026-08-21,230.0,0.29476397700896345
2026-08-21,240.0,0.2832649858512509
2026-08-21,250.0,0.2718949725326155
2026-08-21,260.0,0.2630019963241889
2026-08-21,270.0,0.25575629939493105
2026-08-21,280.0,0.24872810791900116
2026-08-21,290.0,0.24364862926232608
2026-08-21,300.0,0.2399522512873412
2026-08-21,310.0,0.23699165505751676
2026-08-21,320.0,0.2352300969708183
2026-08-21,330.0,0.23490624803332724
2026-08-21,340.0,0.2349075578009814
2026-09-18,120.0,0.5158991555800545
2026-09-18,130.0,0.4893062132465264
2026-09-18,135.0,0.4743775961581175
2026-09-18,140.0,0.45864155230423453
2026-09-18,145.0,0.4441655912076655
2026-09-18,150.0,0.4360737040878464
2026-09-18,155.0,0.4231455548898851
2026-09-18,160.0,0.41091571146778494
2026-09-18,165.0,0.40119451466199596
2026-09-18,170.0,0.3889167998653141
2026-09-18,175.0,0.38054336574010866
2026-09-18,180.0,0.3708897526561906
2026-09-18,185.0,0.3608854242960547
2026-09-18,190.0,0.35200119182430595
2026-09-18,195.0,0.3436699467121739
2026-09-18,200.0,0.3367546710292975
2026-09-18,205.0,0.32814901217058456
2026-09-18,210.0,0.3207476263580863
2026-09-18,215.0,0.3137627648295187
2026-09-18,220.0,0.30765996285047076
2026-09-18,225.0,0.30119654464370055
2026-09-18,230.0,0.2956948088433634
2026-09-18,235.0,0.28866030690919703
2026-09-18,240.0,0.2835055787932783
2026-09-18,245.0,0.2783046262935955
2026-09-18,250.0,0.2737956800387994
2026-09-18,255.0,0.2691766263425655
2026-09-18,260.0,0.26442851852929433
2026-09-18,265.0,0.2608532296277903
2026-09-18,270.0,0.2568971743654312
2026-09-18,275.0,0.25365586424296527
2026-09-18,280.0,0.2506488383498966
2026-09-18,285.0,0.24883599929536748
2026-09-18,290.0,0.24563593214812596
2026-09-18,295.0,0.24352315679828584
2026-09-18,300.0,0.2410259756319083
2026-09-18,310.0,0.23847143224164233
2026-09-18,320.0,0.2361931360541109
2026-09-18,330.0,0.23565003387396763
2026-09-18,340.0,0.23491358490289158
2026-09-18,350.0,0.23534582681584784
2026-09-18,360.0,0.23608564686367733
2026-09-18,370.0,0.2376290277366178
2026-09-18,380.0,0.2396108120697666
2026-09-18,390.0,0.2421509137676875
2026-09-18,400.0,0.24423302150885015
2026-12-18,110.0,0.5233514938761752
2026-12-18,115.0,0.5089526552478122
2026-12-18,120.0,0.49072247362933513
2026-12-18,125.0,0.47989152210880814
2026-12-18,130.0,0.47045783816064185
2026-12-18,135.0,0.4561513481077684
2026-12-18,140.0,0.4389664057718709
2026-12-18,145.0,0.43221875622656064
2026-12-18,150.0,0.42155556288101675
2026-12-18,155.0,0.41232088251921045
2026-12-18,160.0,0.40118042437443757
2026-12-18,165.0,0.3917410929113645
2026-12-18,170.0,0.3825314945487666
2026-12-18,175.0,0.3738582520369428
2026-12-18,180.0,0.36560906319584374
2026-12-18,185.0,0.3583577250744022
2026-12-18,190.0,0.34969548653075105
2026-12-18,195.0,0.34251800066815896
2026-12-18,200.0,0.33513690273220986
2026-12-18,210.0,0.3226827703289461
2026-12-18,220.0,0.3103477145230236
2026-12-18,230.0,0.298545571465709
2026-12-18,240.0,0.2892686233938663
2026-12-18,250.0,0.2797866584662333
2026-12-18,260.0,0.2717957722596939
2026-12-18,270.0,0.26453883590299804
2026-12-18,280.0,0.2585904610330325
2026-12-18,290.0,0.2532401686467256
2026-12-18,300.0,0.24887320929516404
2026-12-18,310.0,0.2452032429954106
2026-12-18,320.0,0.24225005203196895
2026-12-18,330.0,0.24045794906399048
2026-12-18,340.0,0.23918151005101607
2026-12-18,350.0,0.23879381759718113
2026-12-18,360.0,0.2384145785354529
2026-12-18,370.0,0.2391863352696567
2026-12-18,380.0,0.24000112640342164
2026-12-18,390.0,0.24122753560810145
2026-12-18,400.0,0.2429498906443926
2026-12-18,410.0,0.24470579736041964
2026-12-18,420.0,0.24687383211718275
2026-12-18,430.0,0.2491049267186435
2026-12-18,440.0,0.25169832241772006
2026-12-18,450.0,0.25432738620790785
2027-01-15,110.0,0.5184870751815941
2027-01-15,115.0,0.5021898315215102
2027-01-15,120.0,0.5027205304287861
2027-01-15,125.0,0.470839066827396
2027-01-15,130.0,0.46189290990146714
2027-01-15,135.0,0.44765030761259617
2027-01-15,140.0,0.4478695780785911
2027-01-15,145.0,0.4323552500147487
2027-01-15,150.0,0.4212162774697081
2027-01-15,155.0,0.4106287581373994
2027-01-15,160.0,0.40048835933584925
2027-01-15,165.0,0.3911014942436604
2027-01-15,170.0,0.38270292772063935
2027-01-15,175.0,0.37333858369850403
2027-01-15,180.0,0.3648124826199805
2027-01-15,185.0,0.35794408886325013
2027-01-15,190.0,0.35032286175276395
2027-01-15,195.0,0.34319091009140523
2027-01-15,200.0,0.33588835664193556
2027-01-15,210.0,0.3233337286922949
2027-01-15,220.0,0.3110397009750748
2027-01-15,230.0,0.30011221842045305
2027-01-15,240.0,0.29013692730989304
2027-01-15,250.0,0.2808302703291674
2027-01-15,260.0,0.2724583906004407
2027-01-15,270.0,0.26540200818615184
2027-01-15,280.0,0.2595269118469293
2027-01-15,290.0,0.25435913518859016
2027-01-15,300.0,0.249989925593143
2027-01-15,310.0,0.24664489582847904
2027-01-15,320.0,0.2437579991652425
2027-01-15,330.0,0.24161355096591075
2027-01-15,340.0,0.24022620636793973
2027-01-15,350.0,0.2391086673402633
2027-01-15,360.0,0.2386404673339934
2027-01-15,370.0,0.23897044393828434
2027-01-15,380.0,0.2395129929960415
2027-01-15,390.0,0.24039118106982293
2027-01-15,400.0,0.241854852739694
2027-01-15,410.0,0.2431815253112306
2027-01-15,420.0,0.24488695911957292
2027-01-15,430.0,0.24694761327579398
2027-01-15,440.0,0.24837447368948185
2027-01-15,450.0,0.250117626505735
2027-06-17,100.0,0.5041389380653426
2027-06-17,105.0,0.49191240179633
2027-06-17,110.0,0.47883873635805024
2027-06-17,115.0,0.4669637246802808
2027-06-17,120.0,0.45891813440381657
2027-06-17,125.0,0.44757995834193615
2027-06-17,130.0,0.4380467962629861
2027-06-17,135.0,0.42859727004086035
2027-06-17,140.0,0.4200877252562129
2027-06-17,145.0,0.41029895072625056
2027-06-17,150.0,0.40137541974473784
2027-06-17,155.0,0.39317177168780876
2027-06-17,160.0,0.38556503363782024
2027-06-17,165.0,0.3774622585535538
2027-06-17,170.0,0.37017594399526454
2027-06-17,175.0,0.3629775146438521
2027-06-17,180.0,0.3561234960578804
2027-06-17,185.0,0.3492769723758606
2027-06-17,190.0,0.34346970514056
2027-06-17,195.0,0.3372965324933876
2027-06-17,200.0,0.3312651975504658
2027-06-17,210.0,0.3206349783457366
2027-06-17,220.0,0.3105049073972396
2027-06-17,230.0,0.30149009714904224
2027-06-17,240.0,0.2933408798931659
2027-06-17,250.0,0.2854986079927295
2027-06-17,260.0,0.2788616729529088
2027-06-17,270.0,0.27280243442534235
2027-06-17,280.0,0.2673599577679637
2027-06-17,290.0,0.2624347005536994
2027-06-17,300.0,0.25819231554277394
2027-06-17,310.0,0.25466046057884395
2027-06-17,320.0,0.25168380723660305
2027-06-17,330.0,0.24883687157885395
2027-06-17,340.0,0.24670195402447412
2027-06-17,350.0,0.24514452479882873
2027-06-17,360.0,0.2439599811135947
2027-06-17,370.0,0.24282549692392208
2027-06-17,380.0,0.24248267717500396
2027-06-17,390.0,0.24212435496102763
2027-06-17,400.0,0.2424413969271815
2027-06-17,410.0,0.2426958553983234
2027-06-17,420.0,0.24336826744072282
2027-06-17,430.0,0.24455783451722482
2027-06-17,440.0,0.24587561333978677
2027-06-17,450.0,0.24720672926579668
2027-12-17,90.0,0.504654479407851
2027-12-17,95.0,0.49549220704318103
2027-12-17,100.0,0.4845754657883121
2027-12-17,105.0,0.4666068639100299
2027-12-17,110.0,0.4547354806841595
2027-12-17,115.0,0.4527870888502108
2027-12-17,120.0,0.4412571702001722
2027-12-17,125.0,0.42578436699700584
2027-12-17,130.0,0.4214417387150217
2027-12-17,135.0,0.4177927032806197
2027-12-17,140.0,0.40897152662118463
2027-12-17,145.0,0.39302460377432596
2027-12-17,150.0,0.38341275212443204
2027-12-17,155.0,0.3776981492371017
2027-12-17,160.0,0.3717519310102767
2027-12-17,165.0,0.3681325348155388
2027-12-17,170.0,0.36114238808878485
2027-12-17,175.0,0.3568656798959923
2027-12-17,180.0,0.35323241750964274
2027-12-17,185.0,0.3439905268773435
2027-12-17,190.0,0.3404975515782526
2027-12-17,195.0,0.333740691542096
2027-12-17,200.0,0.327238356546413
2027-12-17,205.0,0.3236569291014734
2027-12-17,210.0,0.31767875436032195
2027-12-17,215.0,0.31539713288869436
2027-12-17,220.0,0.3094091293070562
2027-12-17,225.0,0.3097598507818362
2027-12-17,230.0,0.30107499604182986
2027-12-17,235.0,0.2993013334877512
2027-12-17,240.0,0.29405119345466973
2027-12-17,245.0,0.29326764228233104
2027-12-17,250.0,0.2897707499036256
2027-12-17,255.0,0.2864278494244878
2027-12-17,260.0,0.2856711460359392
2027-12-17,265.0,0.2834855301059158
2027-12-17,270.0,0.28040768685022927
2027-12-17,275.0,0.2750436002907698
2027-12-17,280.0,0.27506570848799317
2027-12-17,285.0,0.26911160612749013
2027-12-17,290.0,0.26540146216275473
2027-12-17,295.0,0.26454519948648997
2027-12-17,300.0,0.2619063288843774
2027-12-17,305.0,0.26540167038394635
2027-12-17,310.0,0.26384612226314674
2027-12-17,315.0,0.2614126797487979
2027-12-17,320.0,0.2608054387372872
2027-12-17,325.0,0.25915408857357647
2027-12-17,330.0,0.25701653461756774
2027-12-17,335.0,0.25690378210898335
2027-12-17,340.0,0.25618033915754523
2027-12-17,345.0,0.2554835518587428
2027-12-17,350.0,0.25460638023752413
2027-12-17,355.0,0.2537880176376038
2027-12-17,360.0,0.2535417581346708
2027-12-17,365.0,0.250659257493627
2027-12-17,370.0,0.24640295464839707
2027-12-17,375.0,0.24893983460302685
2027-12-17,380.0,0.24848194272065127
2027-12-17,385.0,0.25089245576386304
2027-12-17,390.0,0.2504513723625289
2027-12-17,395.0,0.25030396977958286
2027-12-17,400.0,0.24183563641534406
2027-12-17,405.0,0.24599673063512373
2027-12-17,410.0,0.250082936760744
2027-12-17,415.0,0.2434447995531771
2027-12-17,420.0,0.25035761389508665
2027-12-17,425.0,0.2455061544623483
2027-12-17,430.0,0.2509919480580771
2027-12-17,435.0,0.25046410243900935
2027-12-17,440.0,0.24128344726635412
